"Year","MeanPercent","SDPercent","N"
2020,10.4860759493671,3.16563009392974,79
2021,7.43945205479452,5.36851625050146,365
2022,11.4886363636364,10.0839514219398,88
