Year,n,mean_percent,sd_percent
2020,79,10.48607594936709,3.1656300939297437
2021,365,7.43945205479452,5.368516250501458
2022,88,11.488636363636363,10.083951421939803
